00000001;smith;john;smith.john@ensicaen.fr;info;image;2019;B;3
00000002;debroise;quentin;debroise.quentin@ensicaen.fr;info;image;2019;B;3
00000003;easterly;julian;easterly@ensicaen.fr;monetique;2019;B;3
00000004;smagghe;coline;smagghe@ensicaen.fr;image;2019;B;3
00000005;nicol;pierre;nicol@ensicaen.fr;monetique;2019;A;2
00000006;Leymarie;jeAnNe;leymarie@ensicaen.fr;image;2019;B;3
